symbol,returns,variance,var_95,max_drawdown,sharpe,close,log_variances,volatility,cluster_labels
A,0.1343181106497046,0.08438696377190935,0.43453845909851135,0.2974743742170799,0.39352955778633053,115.55000305175781,0.08101481696545579,0.2904943437864313,5
AAPL,0.29246332547579984,0.05490768236975126,0.3404496165322962,0.1379852423502047,1.1627637841601404,271.05999755859375,0.05345325823646093,0.2343238834812859,4
ABBV,0.12988103459555764,0.06259389628465879,0.39176533619160664,0.167580851697734,0.43919435245492855,198.7100067138672,0.060712990885570146,0.25018772209015133,4
ABNB,0.199436114340693,0.08932613298470507,0.4654078037692021,0.21539112238179675,0.6003722210385826,142.82000732421875,0.08555927844063968,0.2988747781006371,5
ABT,-0.3009427655621382,0.05416827889302826,0.3203996906036417,0.3265380604443897,-1.3789708069921338,91.12999725341797,0.05275209476905027,0.2327407976548767,4
ACGL,0.08165139331457362,0.04440939689924474,0.4084630111854427,0.11997502674884755,0.2925536079098525,96.19000244140625,0.0434515552164207,0.2107353717325232,1
ACN,-0.43132733651199084,0.11245998068903706,0.5572744807144411,0.44094834808873073,-1.3458375361998258,178.36000061035156,0.1065737619968867,0.3353505340521125,5
ADBE,-0.35790199937700123,0.09801893107334719,0.5339387163144681,0.46431964907541173,-1.2070470767852393,245.44000244140625,0.0935075843534134,0.31307975193766074,5
ADI,0.785767453139407,0.08946874356024619,0.41747433679026924,0.15729194586939432,2.560125377857372,399.57000732421875,0.08569018619820787,0.29911326209355243,5
ADM,0.43374256230281977,0.06960643790640558,0.36937260436160535,0.12786169056706834,1.5682146079413883,69.2300033569336,0.06729076577252871,0.26383032029394493,4
ADP,-0.3508617608928104,0.04396597570293276,0.3711777772291806,0.4077977827945872,-1.768698055173054,196.52999877929688,0.043026898606509524,0.2096806517133442,1
ADSK,-0.08257783801794227,0.09327302226247787,0.5676071128486638,0.3315279193482039,-0.33587332749559606,237.44000244140625,0.08917596964162562,0.3054063232195396,5
AEE,0.1640036583851877,0.02299012329612349,0.23185956969549068,0.07898246831316344,0.9497359449746339,111.12000274658203,0.022729832275887416,0.15162494285612604,1
AEP,0.2832265256384379,0.03082767570006706,0.24169434071625198,0.08323110833311637,1.4991989199444264,134.72999572753906,0.030362048193962564,0.17557811851158178,1
AES,0.5336979735391223,0.22006731168043014,0.5263997286253657,0.23266924925677662,1.0950402518480462,14.489999771118164,0.19890603073171245,0.4691133249870762,0
AFL,0.09698490966031327,0.029718076038255128,0.2551899003198223,0.09245844877382707,0.4465758769047464,114.62000274658203,0.02928505219119991,0.17238931532509527,1
AIG,-0.029194066825263612,0.05348888312375785,0.3796343247070835,0.16976556972449894,-0.2127065981442518,75.13999938964844,0.052107401879670015,0.2312766376523099,4
AIZ,0.23330810309722438,0.06091580502184142,0.3650317474519984,0.12572133958707857,0.8642559132553707,229.8000030517578,0.05913250212104994,0.24681127409792572,4
AJG,-0.3589427458705998,0.07339976769355398,0.42957093176124866,0.4088142394199723,-1.3987054112077828,215.3800048828125,0.07083096433943327,0.27092391495317275,4
AKAM,0.27693686744110324,0.19385977007562083,0.4748393655264048,0.2543852689872189,0.5835560531109698,95.25,0.17719156257534283,0.44029509431246316,0
ALB,1.3968758801526815,0.37143676097839806,0.9546854688579921,0.20052273956506833,2.2591878844812716,188.3300018310547,0.31585892094739626,0.6094561189933185,2
ALGN,0.19239083609290059,0.27331816609030263,0.5439597497657791,0.3972682282836776,0.32974629683872553,189.61000061035156,0.24162622243202597,0.5227983990892691,2
ALL,0.14526131140457463,0.05270664562595296,0.3458822992358888,0.11483808279834246,0.545612442105892,212.8800048828125,0.05136460518953017,0.22957927960936056,4
ALLE,0.10290979305700107,0.05351022595861616,0.3319087989790739,0.22162951812387177,0.3584160412657668,146.10000610351562,0.0521276608676943,0.2313227744054099,4
AMAT,1.13132518994481,0.19910964342255671,0.6555367625131936,0.21371957008629547,2.490548544117239,417.0400085449219,0.18157931758803877,0.44621703623075254,0
AMCR,-0.13266375689502974,0.08807606984113966,0.3486050593489641,0.23665221724681842,-0.5144071330538045,38.95000076293945,0.08441106312306247,0.29677612747850807,5
AMD,1.4681568158512457,0.35684130748657017,0.6649152662321628,0.2776075108828482,2.4242535020106986,347.80999755859375,0.3051594303787505,0.5973619568457387,2
AME,0.36666276364219713,0.04569718757227694,0.2707162491178077,0.1356712813826036,1.6216699112346937,232.9499969482422,0.0446838281019842,0.21376900517211783,1
AMGN,0.2751883891073605,0.07665057353181791,0.41276464236698623,0.12407255566710132,0.92172890295191,344.54998779296875,0.07385490127067516,0.2768583997855545,4
AMP,0.04013401070691341,0.062023974363098054,0.4540942679561305,0.20866727878465835,0.08084450374257744,464.1199951171875,0.06017649729478922,0.24904612898637485,4
AMT,-0.1046089646538446,0.05641634693824157,0.4398050136326722,0.2666818864731705,-0.5246223722363376,178.2100067138672,0.05488237551483198,0.2375212557609141,4
AMZN,0.3844360865038301,0.09543945430706349,0.4065380805258965,0.21736223115695733,1.1796614857703416,263.989990234375,0.09115561089217307,0.3089327666452095,5
ANET,0.9573378272473446,0.2624790206288735,0.713790291724332,0.2832808854636845,1.829569220316426,176.91000366210938,0.23307726470564405,0.5123270641190777,2
AON,-0.012844144827970435,0.05575806651748453,0.35544720053404355,0.17423291466249796,-0.13909262575125927,321.1400146484375,0.05425905535918879,0.23613146024510273,4
AOS,0.04318375403901579,0.0648187648454307,0.3953473875624325,0.21362000970100228,0.09106120335041003,64.37999725341797,0.06280461082611954,0.25459529619659255,4
APA,0.9907203622091434,0.21169721708831707,0.6406784087836929,0.1948636415267806,2.1097770567177876,37.72999954223633,0.19202203555246064,0.46010565861366787,0
APD,0.18039278180215246,0.06169282414722522,0.30063930571966746,0.2239070970174328,0.6457545782446604,301.760009765625,0.05986463818175778,0.24838040209973333,4
APH,0.7646214526558374,0.14061964855925152,0.5282893430194884,0.281891733465957,1.9856949899450973,149.7100067138672,0.1315716661036325,0.3749928646777849,0
APO,0.00895738254920269,0.13035538239601258,0.6869271461010461,0.3497224534107439,-0.030584933684993015,124.26000213623047,0.1225320809758017,0.3610476179065756,0
APP,0.7440807957185606,0.5068069483818294,1.013857161583243,0.4998500328887652,1.0171049054718264,448.2900085449219,0.40999280817488404,0.7119037493803705,3
APTV,0.1349531159939341,0.1252527523807391,0.5404266690453825,0.35130256405138,0.32480829290627494,60.099998474121094,0.11800767920501115,0.35391065592990995,0
ARE,-0.3227968260018644,0.1663830825717223,0.6783280403068624,0.489763482287962,-0.8403925794457707,47.400001525878906,0.15390757819907094,0.4079008244312854,0
ARES,-0.17631046425558106,0.1624313551317162,0.6815969200973958,0.4929705753310348,-0.48708921802687644,115.2300033569336,0.15051380738683154,0.40302773494105365,0
ATO,0.19457986423742968,0.023611015114447752,0.2545705446038848,0.0719943244097916,1.1361530059026312,185.4499969482422,0.02333658639687352,0.15365876191889533,1
AVB,-0.12022306593028365,0.03909645428611776,0.3643814010471572,0.2212923845472579,-0.7091706809613467,172.3800048828125,0.038351541577424667,0.19772823340665782,1
AVGO,0.8916770951199613,0.17869625635449327,0.5953114609217154,0.2866598630295033,2.0620439008080744,422.760009765625,0.16440896016533385,0.42272479978644883,0
AVY,0.017997399242089845,0.05723360453872825,0.3146373656483978,0.17974890106062497,-0.008370835876935547,165.5,0.05565568960181528,0.2392354583641987,4
AWK,-0.03396585729391213,0.0507047533667632,0.35576911826511987,0.1608901808040488,-0.2396595520787774,132.4199981689453,0.049461132702324245,0.22517715995802773,4
AXON,-0.27904004864247034,0.2890835758311108,0.9062134213477058,0.6028106432163985,-0.5561829171602625,397.1199951171875,0.25393155958295754,0.5376649289577207,2
AXP,0.21834029549220402,0.07139554264111182,0.3752670109874171,0.23895331350572713,0.7422930708477267,314.0799865722656,0.06896204414349814,0.26719944356437536,4
AZO,0.022125761144987106,0.06168988506221071,0.41551240519037586,0.2548191329586195,0.008558693701780206,3577.909912109375,0.05986186987720131,0.248374485529836,4
BA,0.3153032170660214,0.09280424664255128,0.467325604487565,0.24961328061128613,0.9693581218651142,232.44000244140625,0.08874709584674219,0.30463789429838056,5
BAC,0.31882034475952037,0.04597663344279153,0.36364033005843244,0.17931674995879,1.3936110417516554,52.04999923706055,0.04495102642838631,0.2144216254084264,1
BALL,0.24109112795377244,0.06434465038846436,0.3638603887365166,0.21964823159159214,0.8715957273055046,61.31999969482422,0.06235925800687571,0.25366247335477976,4
BAX,-0.3902578966595809,0.20495523626792872,0.5334205801944315,0.4978847667809379,-0.9062070571855383,18.15999984741211,0.18644241792723182,0.45271982093556357,0
BBY,0.00014428745327313663,0.11949445318884588,0.48115469729496185,0.2603642445544844,-0.057439626036889825,60.45000076293945,0.11287720232250935,0.34567969739174137,5
BDX,0.011431551993901279,0.08955730098984836,0.31504558703242347,0.20252073247519248,-0.02863199881545192,152.13999938964844,0.08577146786060233,0.2992612587520282,5
BEN,0.46624757651461624,0.07271406360917211,0.4263225436678962,0.19211647739474888,1.654880591886492,27.1200008392334,0.07019194501276566,0.2696554535127597,4
BF-B,-0.06903700001201618,0.15984823374886875,0.5200712866379474,0.3471002084797795,-0.22269814403301808,28.309999465942383,0.1482891635837799,0.39981024717841934,0
BG,0.5163921209592561,0.09746965009861482,0.4303268431987201,0.15391747156839286,1.5899745615801208,124.9000015258789,0.09300721191613152,0.3122012974005951,5
BIIB,0.49646953321953624,0.10837056476165037,0.4497404142049898,0.143354197175903,1.4473696697024576,184.3800048828125,0.10289097714165094,0.32919684804331034,5
BK,0.5720227557153247,0.03840602270022495,0.29095828733450196,0.1014810507507495,2.8168084418947954,134.0500030517578,0.0376868669318249,0.1959745460518405,1
BKNG,-0.01594616003258576,0.09608764704737406,0.41082954350886,0.332020936850909,-0.11596280826907833,180.25,0.09174715526213456,0.30998007524254534,5
BKR,0.7125172635299243,0.09948248529986309,0.4715071918842181,0.16855659599481365,2.195620570858817,68.94000244140625,0.09483960119035931,0.31540844202377194,5
BLDR,-0.1885797651557299,0.2280802782502256,0.6786858631045635,0.4715501982026726,-0.43674536740170866,90.04000091552734,0.20545220075615445,0.47757751020145994,2
BLK,0.19368337116606324,0.0621977753621896,0.3948951724199994,0.22454444378344965,0.6964193257728168,1044.969970703125,0.06034013463585481,0.24939481823444049,4
BMY,0.2919068527070888,0.0755195932326076,0.3859306703359817,0.1368108441255717,0.9894419784207552,58.709999084472656,0.07280388734920609,0.27480828450504835,4
BR,-0.38312508353942554,0.05933758806358871,0.4468933981681063,0.42601573620300365,-1.6549118942241234,155.07000732421875,0.05764379586086798,0.243593078849931,4
BRK-B,-0.1126773555141868,0.023286844339403097,0.2385640491606931,0.14948129726959847,-0.8694437434540025,469.32000732421875,0.023019842914771885,0.1526002763411754,1
BRO,-0.5107132749901223,0.07386877289939325,0.4156285670803472,0.44380259363536106,-1.9526729435558514,65.9000015258789,0.07126780323911562,0.2717881029393915,4
BSX,-0.4487737928452195,0.09688888573866285,0.38595948637398114,0.44960235996208897,-1.5060047562085566,62.06999969482422,0.09247788695484803,0.3112697957378178,5
BX,0.0019517957595876557,0.11422440972060226,0.6121787944782342,0.44761631956581466,-0.053401632752163926,121.6500015258789,0.1081585662093384,0.3379710190543004,5
BXP,-0.04384117709429373,0.08157406765421678,0.49542561820856745,0.33558751586853175,-0.22352434272166805,57.72999954223633,0.07841745010772384,0.2856117428507042,5
C,0.6970830718632915,0.07902517678048503,0.37424426524868615,0.14761248395080978,2.4085696960138843,127.9800033569336,0.07605801944259553,0.2811141703658587,4
CAG,-0.43913831857030344,0.07440749613659772,0.4183492103371692,0.3956711468198452,-1.6831979525836185,14.170000076293945,0.07176934324703914,0.27277737467868873,4
CAH,0.42953383508374643,0.0856078743062988,0.3619315536105105,0.12879566006803053,1.3996934544067143,199.85000610351562,0.0821400829262721,0.2925882333695236,5
CARR,0.08912928691553385,0.11900877890906601,0.4994248155929513,0.3737936348221668,0.20038839991989396,60.970001220703125,0.11244327461542672,0.34497649037154116,5
CASY,0.6211724975776903,0.06299485187692208,0.3112805860614147,0.09467337708078448,2.395226427280243,799.5499877929688,0.061090256334839874,0.2509877524440627,4
CAT,1.0674050912367075,0.10022162050220111,0.4053272478425667,0.13880000681739024,3.308521569110511,830.7899780273438,0.09551163269514777,0.31657798486660615,5
CB,0.17873980782875115,0.031057532427921208,0.25211577302349175,0.11017617481790984,0.9007460712125465,326.1199951171875,0.030585006026823708,0.17623147399917305,1
CBOE,0.38428379895624687,0.04727968658693501,0.35233761556627285,0.10324210305143698,1.6753384753913003,303.80999755859375,0.04619602762579251,0.2174389261078499,1
CBRE,0.25358069270748457,0.09152610542056183,0.4005192616913544,0.2321542811968708,0.7720838187042067,148.2899932861328,0.08757681373565353,0.3025328170968595,5
CCI,-0.0698915504482367,0.06689785558289714,0.38183358758981195,0.3000454155453012,-0.34754638285342215,86.33999633789062,0.0647552372619015,0.25864619769657765,4
CCL,0.49159162344837937,0.21251977992718746,0.5926743912910316,0.29301063660544174,1.0229782584524778,27.170000076293945,0.19270065703845038,0.46099867670871625,0
CDNS,0.2105918438578234,0.14092045546050905,0.5028076341605231,0.28848057654250436,0.507711841302135,332.8900146484375,0.13183535369121466,0.37539373391215397,0
CDW,-0.09005626805855828,0.09832711910374352,0.5178213541443908,0.394878502564984,-0.35097656934785115,135.32000732421875,0.09378822139819434,0.3135715534032759,5
CEG,0.4552119020986104,0.2133044863180126,0.6812241960748551,0.38768785546671264,0.942325121053261,313.5299987792969,0.19334761768528255,0.4618489864858562,0
CF,0.5375824907249411,0.15750109312579647,0.5843779647933803,0.24867960689899674,1.3041807631578253,120.93000030517578,0.14626345136294347,0.396864073866351,0
CFG,0.6199117393994875,0.07166814107630089,0.3506040031332758,0.1832061487631077,2.2409093598421173,63.790000915527344,0.06921644483044966,0.2677090605046846,4
CHD,-0.007509237724486289,0.04812707942196898,0.3123502905858368,0.17633807090630935,-0.12539603448707787,95.0199966430664,0.04700483753800172,0.21937884907613353,1
CHRW,0.8185382971754345,0.16702000108092718,0.3708876303269012,0.19177092100917395,1.9539412806259726,183.02999877929688,0.15445349204437697,0.40868080586311756,0
CHTR,-0.6192676532364044,0.21275661402047497,0.6457576278682321,0.5783967118014919,-1.3859296781897763,180.1300048828125,0.19289596186608268,0.4612554758704497,0
CI,-0.1204200429639108,0.10796863105443717,0.405525996004792,0.2741216668687459,-0.42734665025914537,275.6400146484375,0.10252827660160886,0.3285858047062246,5
CIEN,2.282053501015873,0.384945295087836,0.7332425876995259,0.16837699858295535,3.6458883465259593,520.7999877929688,0.3256606407277037,0.6204395982590376,2
CINF,0.2519935666611581,0.040351068169669546,0.3211418514475965,0.104621414877412,1.1549107501561062,164.47999572753906,0.039558221738609636,0.20087575306559413,1
CL,-0.05822086194973348,0.042804992619402335,0.3358917396271141,0.18637812679568408,-0.37807275680918057,84.6500015258789,0.04191419077135113,0.2068936746722875,1
CLX,-0.2658472593884628,0.059147975918206724,0.44062637558254636,0.30110815564091775,-1.1753415490547197,98.68000030517578,0.057464788602936114,0.2432035688846007,4
CMCSA,-0.061218542345594366,0.07668485420021144,0.3853256349329258,0.25719848057512695,-0.2932921186089077,27.559999465942383,0.07388674086979655,0.27692030297580467,4
CME,0.12485618643907581,0.03669263127522146,0.32767472927547314,0.10801076334547301,0.5473997948039364,285.05999755859375,0.036035483455575425,0.19155320742608686,1
CMG,-0.3433286505553712,0.14282756579659436,0.528904697583809,0.4881524964487743,-0.9613767801532788,34.209999084472656,0.1335055123616516,0.3779253442104596,0
CMI,0.8859722149572965,0.09486821668374965,0.3892450844281375,0.15225420766386585,2.8115356151379545,660.75,0.09063400596531189,0.3080068451897614,5
CMS,0.09816352934460287,0.025125299221279648,0.2645526945029443,0.08311238757340313,0.4931153704381775,76.2699966430664,0.024814848261999235,0.15850961870271357,1
CNC,-0.09738336679783201,0.3886412517275746,0.7327671147324809,0.5993324885868279,-0.1882921063318553,41.81999969482422,0.32832575231877686,0.6234109813979656,2
CNP,0.1424447665228191,0.02472167857983744,0.2655268854803368,0.08386127834769629,0.7787557200698969,42.470001220703125,0.024421042625744967,0.15723129007877992,1
COF,0.11120367573058772,0.10115393455675156,0.5556887774659244,0.31467081617123926,0.2867615715323952,191.38999938964844,0.0963586613706041,0.31804706343047967,5
COHR,1.89816857068468,0.4570362725029902,0.943820071520299,0.26516345654065576,2.7781726673460545,336.0899963378906,0.37640442223811216,0.6760445787838182,3
COIN,0.2123446497449927,0.5361560823429329,1.062278070036364,0.6638953815137106,0.26268452686443333,199.77000427246094,0.42928324567159365,0.7322267970669558,3
COO,-0.1734791632550083,0.10879882986997338,0.41391937362543885,0.23827572435876587,-0.5865730266617664,64.41999816894531,0.10327729414087183,0.3298466763057851,5
COP,0.36169753917845293,0.08423334118415242,0.4431649853603492,0.13466003839368604,1.1773344098451406,121.76000213623047,0.08087313924744971,0.29022980753904726,5
COR,0.1153395043857679,0.06458882077837275,0.4044784460998779,0.17620381274838698,0.375140723950177,308.19000244140625,0.06258864083568264,0.2541433075616447,4
COST,0.05652755739445466,0.033214961138121536,0.2744779987190684,0.1934694419133755,0.20042586079487232,1011.1500244140625,0.03267526252390864,0.18224972191507327,1
CPAY,0.035040234169484645,0.1289127574051768,0.577582129117057,0.28132575746498845,0.04188964203138925,312.9100036621094,0.12125500796132602,0.35904422764497523,0
CPB,-0.46926559500346543,0.08499326215073474,0.4907380336433431,0.4192232744925729,-1.67823366315504,20.6200008392334,0.08157377697381793,0.29153603919710297,5
CPRT,-0.5819581251756679,0.06427776369658082,0.44605298365481444,0.4920112746293421,-2.3743016894899425,33.06999969482422,0.06229641295604569,0.2535305971605416,4
CPT,-0.05475556118737031,0.03902415653767662,0.3338543099481343,0.17705572208810322,-0.3784223196666783,101.75,0.038281961642464446,0.19754532780523215,1
CRH,0.29859147746603876,0.09114766680066942,0.4495250229267969,0.23823012985590122,0.9227733607877797,118.0,0.08723004764673914,0.30190671870740043,5
CRL,0.5022785450350672,0.21522748487758464,0.6159668565896682,0.3298496346187241,1.0395588421554913,169.8000030517578,0.19493128961901846,0.4639261631742541,0
CRM,-0.3433681516910526,0.1189291951861425,0.5748751759522204,0.4291909286143545,-1.053665159347618,178.16000366210938,0.11237215224842793,0.34486112449237083,5
CRWD,0.1427694732721548,0.17813019493734736,0.692084601612586,0.3717827173511798,0.29088519712479816,448.1300048828125,0.16392860114040841,0.42205472978909664,0
CSCO,0.5103294208823049,0.06404118643578861,0.29548742209822687,0.13574550482333536,1.9375738662329434,89.01000213623047,0.06207409922646877,0.2530636015625096,4
CSGP,-0.7484385285111406,0.15095536880628171,0.6896248088487917,0.623670371396997,-1.9778112821086244,36.439998626708984,0.14059235297254266,0.3885297527941479,0
CSX,0.5340768427408734,0.050793621125694514,0.2973430387437579,0.1188916001660984,2.2809903783737466,45.40999984741211,0.04954570831757377,0.22537440210834617,4
CTAS,-0.14490097652681513,0.034641629995220885,0.31226780381957714,0.26720116589550613,-0.8859803057051273,175.89999389648438,0.03405511554619347,0.18612262085845688,1
CTRA,0.35947963511883274,0.08816102177668725,0.5143949603537238,0.15509887390267743,1.143340056832982,33.529998779296875,0.08448913543964777,0.2969192175940912,5
CTSH,-0.20978946673881382,0.08739887657936185,0.434229208863306,0.36124125363245296,-0.7772794613433971,55.11000061035156,0.08378849260367766,0.2956330099622873,5
CTVA,0.2998971818711981,0.05345836662868453,0.3007002331042782,0.20710121620413563,1.2105721633173907,79.80000305175781,0.05207843438171387,0.23121065422831302,4
CVNA,0.7279123440144105,0.35636332548977123,0.9422990857709685,0.41210159556316717,1.1858588082917052,409.0799865722656,0.3048070927806686,0.5969617454157102,2
CVS,0.2624120560360361,0.09416631377427054,0.4703707532062222,0.16442109240943745,0.7899624173706881,77.94000244140625,0.08999271600504141,0.30686530233030673,5
CVX,0.3582937687732994,0.044997288923222786,0.3476698544787403,0.1321335292586476,1.594780159958115,185.2100067138672,0.044014291081564814,0.21212564419047214,1
D,0.23086134799866703,0.03348319881565536,0.30497056587056715,0.09768736939427988,1.1523476162022153,62.58000183105469,0.03293484341892045,0.18298414908307048,1
DAL,0.6005384861957582,0.17362675138725434,0.6069195434331599,0.22896578744553153,1.3932296116550917,68.44999694824219,0.16009874188410037,0.4166854345753573,0
DASH,0.03776938431452961,0.1933514957219294,0.6811548704749605,0.47966206010882073,0.04041090832907129,176.77999877929688,0.17676573150738986,0.43971751809761844,0
DD,0.5898572677561923,0.08607221647029671,0.40264838893081983,0.17309713110093458,1.9423817910805519,46.33000183105469,0.08256771697149473,0.29338066819457737,5
DDOG,0.38916093383383465,0.2971716551353823,0.6754185390999776,0.4862057017996234,0.6771923514835902,129.47999572753906,0.260186244407007,0.5451345293919495,2
DE,0.25787504846573883,0.08138950517267195,0.3520605129717952,0.16828762503750666,0.8338053660191674,562.6400146484375,0.07824679306632802,0.28528845958550786,5
DECK,0.11981782399629304,0.24954703365770062,0.6205574855304983,0.385174275971197,0.19981675058844695,108.52999877929688,0.22278111256738203,0.4995468282931047,2
DELL,0.9675094067528275,0.249380382326377,0.6798139851701027,0.32341147208340526,1.8973715621213216,216.08999633789062,0.22264773427835716,0.4993799979238025,2
DG,0.3447934205166266,0.1395251455235282,0.49350555044807537,0.2557680934556199,0.8695228132975285,120.70999908447266,0.13061163661548184,0.3735306487070749,0
DGX,0.16619772043178763,0.05130241180082199,0.31031861717956044,0.09805040534149419,0.645463531513259,196.27000427246094,0.05002978770985032,0.22650035717592587,4
DHI,0.33557585070600027,0.14798158250045407,0.5338470987729322,0.2755985881426651,0.8203514082719819,159.89999389648438,0.13800525465061111,0.3846837434834673,0
DHR,-0.05827247244549342,0.08456221553874897,0.4685164347369043,0.2661523318197002,-0.26916641850854073,177.25,0.08117641758652401,0.29079583136411874,5
DIS,0.17258478353935486,0.06552362239737583,0.2995405411919831,0.24969519982776228,0.5960906043486403,102.5999984741211,0.06346634255702517,0.2559758238533003,4
DLR,0.27756969404002046,0.045805013269037756,0.341119999943229,0.1682612280294872,1.2034782765886824,200.0,0.04478693647721131,0.2140210580037342,1
DLTR,0.32245767145353144,0.13573147764071816,0.49059902566656804,0.2950216109437962,0.8209643826767512,103.75,0.12727691704164218,0.3684175316685108,0
DOC,0.015477972370186322,0.05406255632589007,0.3265662689540766,0.17085558104929824,-0.0194484467864194,16.43000030517578,0.0526517997107856,0.23251356159564127,4
DOV,0.3270513492265068,0.0578270277094404,0.32845011225280796,0.15336390938370525,1.2768667411187455,224.77999877929688,0.0562168301925252,0.24047250925925068,4
DOW,0.4426212029397207,0.24147542689384144,0.6346902062545214,0.32019536479453403,0.8600323957805814,38.65999984741211,0.21630053269234242,0.4914014925637095,2
DPZ,-0.2390877654292912,0.056065536704661655,0.39223785429027974,0.2883949673750931,-1.094205550275226,367.8299865722656,0.05455024463170242,0.2367816223963795,4
DRI,0.07093653559198844,0.06131284368196269,0.3884262141201379,0.2391957551966521,0.20570918041659075,201.05999755859375,0.05950667355163169,0.24761430427574796,4
DTE,0.1319850192350596,0.02398288615606111,0.24771624383317728,0.10133982747166018,0.7231180562137249,146.8800048828125,0.023699813739435104,0.1548640893043352,1
DUK,0.1070124624672663,0.022798309052333897,0.23604373219473737,0.10880492389393714,0.576275479979579,127.2699966430664,0.02254231118004127,0.1509910893143496,1
DVA,0.14538534902664335,0.125867298444676,0.4569427680232359,0.31357389823521603,0.3534193613916159,151.85000610351562,0.11855367059181281,0.3547778156039016,0
DVN,0.5061949609051648,0.104522137704408,0.5054714336766719,0.1505665488484188,1.50385620349623,47.939998626708984,0.09941278686812613,0.32329883653426283,5
DXCM,-0.06729756504452597,0.17124831442309987,0.4956367402801122,0.3874678778028837,-0.2109545891421736,61.56999969482422,0.15807011544297045,0.41382159733766904,0
EA,0.3556861074790567,0.05176972466310971,0.25891867102926497,0.08117081129069904,1.4753512893141751,202.6699981689453,0.05047419744918017,0.22752961271691582,4
EBAY,0.454142386865726,0.13959718539407634,0.48945345532077233,0.20670859115548001,1.1619671723521057,97.94000244140625,0.13067485381939833,0.3736270672663804,0
ECL,0.1544044763114411,0.03866508080014461,0.28378808258069316,0.16598868751293802,0.6835247929400863,269.489990234375,0.03793631251009747,0.1966343835653994,1
ED,0.035295607303337626,0.029966188784473484,0.29956212755317974,0.13808257960792053,0.08835903608422907,109.05999755859375,0.029525975279904318,0.17310744866837327,1
EFX,-0.3282517549007991,0.1228613907834186,0.6764837258446921,0.3903627237826955,-0.9935405569635899,172.47000122070312,0.11588024051909494,0.35051589234073055,0
EG,0.012801038330269368,0.05688909662669919,0.3441764086196009,0.16430952490966874,-0.03018250925645273,343.3800048828125,0.05532977860820214,0.23851435308320376,4
EIX,0.2697630650762571,0.07493224596602661,0.3920404597485697,0.17725189416160264,0.9124179916110413,68.86000061035156,0.07225763258499343,0.27373754942650197,4
EL,0.40021567256588214,0.2183619808385325,0.5822116041575321,0.4361596510372152,0.8136572564349728,77.81999969482422,0.1975073179413478,0.46729217930384037,0
ELV,-0.0990262564388506,0.1602489156282963,0.5400138443493068,0.3440705349109869,-0.2973344460109069,344.760009765625,0.14863456453694135,0.40031102361575843,0
EME,0.8320785233256695,0.1404915872533599,0.49588029607104506,0.2515057475593998,2.166570699486307,869.9000244140625,0.13145938634803297,0.37482207412765844,0
EMR,0.35532435486196234,0.0833687677934738,0.45390549981084116,0.23449919386704243,1.1613507544921318,141.35000610351562,0.08007541587105485,0.28873650235720766,5
EOG,0.23176902734093086,0.06379328810433824,0.4386093527409622,0.18511282567115378,0.8384457121947017,133.1300048828125,0.06184109394759197,0.2525733321321517,4
EPAM,-0.19318121542290595,0.19547538166400943,0.6661141123647694,0.4626015960390555,-0.48217301256589035,118.9800033569336,0.17854391520233973,0.4421259794040715,0
EQIX,0.338897553211369,0.06698869526707152,0.26505976520746805,0.19628244939681336,1.2321126812809633,1108.760009765625,0.06484037738726858,0.25882174419293197,4
EQR,-0.03264202790660557,0.03975573053308946,0.3358097548750778,0.1654310885524884,-0.26401751675654145,62.2599983215332,0.038985811078535104,0.19938839116931922,1
EQT,0.22669720384870168,0.10841556676441129,0.5535620225006844,0.1839136715230768,0.6277529747263305,58.90999984741211,0.10293157826426454,0.32926519215430483,5
ERIE,-0.3766075659869861,0.08881845387601639,0.5667649837920457,0.36309472701944195,-1.330789576163937,233.6199951171875,0.08509312103222473,0.2980242504831048,5
ES,0.24915791201580764,0.061175642951106106,0.3258200302277988,0.15130870449380376,0.9265003447912845,68.63999938964844,0.05937739065383342,0.2473371038706205,4
ESS,-0.014132806180827902,0.04514261999948294,0.33748547093226977,0.16485942406344983,-0.16064921734005347,255.3699951171875,0.04415335457284017,0.21246792699012937,1
ETN,0.44412616259280613,0.08940416421825365,0.4499447066535982,0.1913273590581205,1.4184570472507618,423.9200134277344,0.08563090844797204,0.29900529128805337,5
ETR,0.3429172804796686,0.036512243245606674,0.2735647002890147,0.06731396735493862,1.689942890028822,113.63999938964844,0.03586146492775222,0.19108177109710564,1
EVRG,0.23137032394816864,0.025970462630393955,0.23031793046020285,0.08012633944183531,1.311608341349156,81.2300033569336,0.02563895747490548,0.1611535374430048,1
EW,0.12810221838910255,0.05239725997436846,0.3452710453993088,0.12732918546080044,0.47225908121170496,84.1500015258789,0.05107066658346992,0.228904477838177,4
EXC,0.0665582940249399,0.032580599860822616,0.27183088143906164,0.10293132004213336,0.25793930219057737,46.91999816894531,0.03206110562550612,0.1805009691409512,1
EXE,-0.007764898421356774,0.09999538592202646,0.4948281112549281,0.2290484675362569,-0.08780234367236728,96.44000244140625,0.09530598517918785,0.316220470434832,5
EXPD,0.3665123758382273,0.08906371913316397,0.37526187121626015,0.1588099401436436,1.161096556314965,147.55999755859375,0.085318353839788,0.298435452205605,5
EXPE,0.5701349013488867,0.2157344277255533,0.5281948688697885,0.37436525269307036,1.1844301926554242,251.44000244140625,0.195348361439592,0.4644722033938665,0
EXR,0.08423348914272849,0.061219211208080604,0.3191137867479641,0.16700635351374538,0.2596077472661272,142.08999633789062,0.05941844640450605,0.24742516284339514,4
F,0.30665851189225607,0.09121361148545858,0.373326672147319,0.22314623693208452,0.9491503589666336,12.380000114440918,0.08729048189790127,0.30201591263616984,5
FANG,0.4300389549565375,0.0926037166033994,0.49249434425937644,0.1253115449029646,1.3474445724090116,194.7899932861328,0.08856357858764258,0.30430858779107667,5
FAST,0.14918343709486,0.06190188702204777,0.3328518192023303,0.21902116786528283,0.5192241585508736,44.689998626708984,0.060061533450330794,0.24880089835458347,4
FCX,0.6152186741418733,0.21071208429826607,0.6846820304519523,0.2489609322288961,1.2966770569070212,61.04999923706055,0.19120868593082932,0.4590338596424735,0
FDS,-0.5583957280798202,0.1379480915699752,0.7228519318713391,0.5947137802955815,-1.557281872941763,224.1199951171875,0.1292267209291572,0.371413639450647,0
FDX,0.6701633687470193,0.07263218487794547,0.3588040338961001,0.11669692306041997,2.41244789873019,387.9800109863281,0.07011561352890926,0.26950358973109334,4
FE,0.20643704640758284,0.02101881542440955,0.23258494598818993,0.07732615955101804,1.2859618827970425,49.40999984741211,0.020800967440160568,0.14497867230875564,1
FFIV,0.16677167514388214,0.09968156372670305,0.4900539134780517,0.3472914394359447,0.4648735426222296,303.1600036621094,0.09502065037354496,0.3157238725955056,5
FICO,-0.5229439669131769,0.2873413124494281,0.9993187927732106,0.581883132427317,-1.0128752897362276,1004.719970703125,0.2525790934930811,0.5360422674094163,2
FIS,-0.4873617151462865,0.08082690628576125,0.4952606419239243,0.46244032518024897,-1.784595176232282,45.72999954223633,0.07772640214095576,0.2843007321231538,5
FISV,-0.8690528876514299,0.3265348538468582,0.4627197808197265,0.7178010391315243,-1.5558324483641877,60.84000015258789,0.28257016929522233,0.571432282818234,2
FITB,0.41323399600408806,0.06579564302443007,0.3726124101688708,0.21205521289967955,1.5330364776013825,49.65999984741211,0.0637216028861035,0.25650661399743685,4
FIX,1.6171707823337518,0.2696495853797956,0.6673663342688188,0.13769863769166651,3.075753157071561,1726.1199951171875,0.2387409453746116,0.5192779461712154,2
FOX,0.25276209818759754,0.0727344710589435,0.405788679063334,0.26770957723051386,0.8630622495906185,56.16999816894531,0.07021096895991913,0.26969329071918624,4
FOXA,0.2915686205486251,0.07655914005084623,0.4230268328453875,0.28892391837249454,0.981479115753443,62.849998474121094,0.07376997365730813,0.2766932237168923,4
FRT,0.22525941661104695,0.03246788227157744,0.2608513634597543,0.06963910088120455,1.1391373951584645,111.04000091552734,0.03195193861046274,0.18018846320332896,1
FSLR,0.4994520017720308,0.3747475002855265,0.7240551623712123,0.3509961723006248,0.783205563640741,193.75999450683594,0.3182700780993705,0.6121662358261247,2
FTNT,-0.1081568081544994,0.15408777012349553,0.5685829740298426,0.31557643096243854,-0.326480763401746,84.33999633789062,0.1433102224930876,0.3925401509699301,0
FTV,0.2024104399826725,0.06922609385573997,0.3983414988324978,0.16135803181739783,0.6932897469302561,61.09000015258789,0.0669351100126442,0.26310852106258353,4
GD,0.17924561229401942,0.03734375609578901,0.29084369400420745,0.14348954530091454,0.8240593210219721,313.2099914550781,0.03666336524774039,0.19324532619390566,1
GDDY,-0.6964228092895275,0.12769788270565813,0.5410486452774269,0.5886878639242202,-2.004830016996544,86.04000091552734,0.12017828272100739,0.35734840520933925,0
GE,0.4130183703240182,0.08768226052663877,0.5348121347369722,0.20851493923349534,1.3272629811266103,284.6000061035156,0.08404906582464487,0.296111905411854,5
GEHC,0.053203737478808605,0.0908938694101024,0.5162346583242827,0.2196312150701468,0.11013355942889957,68.83000183105469,0.08699742385154571,0.30148610152062133,5
GEN,-0.222765593210249,0.08797208513284702,0.5048517391258961,0.43587926009249744,-0.8184924768622752,19.040000915527344,0.08431549105758762,0.29660088525297257,5
GEV,1.251838344618048,0.22835243336779446,0.6399438227375714,0.1750982392833846,2.5778099562038546,1149.18994140625,0.20567378640545414,0.47786235818255707,2
GILD,0.302249291891915,0.08009054829572419,0.4077863312690882,0.15827634605061572,0.9973376808589196,130.39999389648438,0.07704487863622635,0.2830027354915924,5
GIS,-0.3941715235994592,0.053885207025083405,0.4013027338304893,0.35765312610786537,-1.784207899090851,34.970001220703125,0.052483532446948686,0.232131874211801,4
GL,0.2480512937034074,0.04429320429363183,0.3014574299598615,0.10868010718186583,1.0835875101173331,152.55999755859375,0.04334029705485533,0.21045950749165937,1
GLW,1.5165367900779474,0.2138004128700597,0.5211101465707861,0.23006844728779383,3.2365560169560292,175.88999938964844,0.19375627456625594,0.4623855673245648,0
GM,0.5757514942787275,0.1152729677342047,0.43701590240261146,0.15997444590444765,1.6368802244566067,78.05000305175781,0.10909918906139186,0.3395187295779199,5
GNRC,0.7930015806214719,0.23779926413047556,0.6757711208319203,0.3277298939414522,1.585167387488333,220.92999267578125,0.21333501582502812,0.48764665909906074,2
GOOG,0.785510521599688,0.0773404793767311,0.3607114719510159,0.2075023594956742,2.752629338631105,342.32000732421875,0.07449548505357748,0.27810156306056805,4
GOOGL,0.8051057715895376,0.0808989108662124,0.3678190084024964,0.20366458055508974,2.760303477953101,344.3999938964844,0.07779301982198307,0.2844273384648747,5
GPC,0.0030739649156812324,0.08034917521514069,0.32162487260752304,0.34836625756864675,-0.05971239975548521,108.73999786376953,0.07728429926697797,0.2834593008090239,5
GPN,0.016902792740539963,0.14785775014621355,0.5693763724204085,0.29695684704069153,-0.008054678711111306,67.76000213623047,0.13789737919730763,0.3845227563437742,0
GRMN,0.3302774827694136,0.09173311217194219,0.413727091266196,0.2797474465084664,1.0244415758600678,259.3900146484375,0.0877664446785417,0.3028747466725184,5
GS,0.5926443834178741,0.07178510541310884,0.34638709630922837,0.19422190312891321,2.1373115575529633,926.9099731445312,0.06932558118517596,0.2679274256456566,4
GWW,0.1640925399037847,0.05930910808261191,0.2957885706829773,0.1625798459310678,0.5916717040723245,1147.989990234375,0.057616910792177366,0.24353461372587656,4
HAL,0.7613879140493415,0.13685501734718836,0.4937047524787857,0.13102357743523663,2.0040803968433645,40.36000061035156,0.12826569331087243,0.36993920763713106,0
HAS,0.5215148761843948,0.07703827155842206,0.3416098042878738,0.15800662011931485,1.8068851750137847,95.08000183105469,0.0742149328803256,0.2775576905049148,4
HBAN,0.20302257180329328,0.06768170950505502,0.41613753954116856,0.21262002716052938,0.7035079246538657,16.399999618530273,0.06548967131178371,0.2601570862095727,4
HCA,0.32148672584634835,0.07135655163095525,0.42758057110156894,0.20550467614061024,1.128629163781119,432.4599914550781,0.06892565074991322,0.26712647122843375,4
HD,-0.012188570167858516,0.05179607777403211,0.3265622484612926,0.23721917634359266,-0.1414338124933514,335.8900146484375,0.050499253105526415,0.22758751673594074,4
HIG,0.15888024801073758,0.03416967659140393,0.30222472736504163,0.09161090543443444,0.7513115221181825,134.4499969482422,0.03359885990750709,0.1848504168007309,1
HII,0.5380806110057345,0.10432551223328797,0.4555387661399081,0.20814140602273715,1.6039915512695393,359.2900085449219,0.09923475243316186,0.3229946009351983,5
HLT,0.4561085717904521,0.05251408119382737,0.36464074207100283,0.10285841677284396,1.9030786506872563,335.6300048828125,0.05118166529139081,0.22915951037176566,4
HON,0.1741071730958807,0.049335774373931676,0.31670997823105673,0.16032652808700484,0.6938121154525554,213.1699981689453,0.04815736816191281,0.2221165783410407,1
HOOD,0.7594165299837358,0.4381823963353367,1.0105106748362276,0.5726092037736825,1.1170219110359776,84.70999908447266,0.3633800915441351,0.661953469917136,3
HPE,0.6538730680875328,0.1468836312459991,0.5109055729654753,0.237333344515858,1.6539241917811875,28.15999984741211,0.13704837811454879,0.3832540035616055,0
HPQ,-0.13920277162670727,0.11614224489880229,0.5755173396907275,0.3662052886796115,-0.4671490996739071,19.790000915527344,0.10987831542357664,0.3407964860423333,5
HRL,-0.2382770962086829,0.06973677484092294,0.3470249988783225,0.3182107350992105,-0.9780362815327275,21.549999237060547,0.06741261338809783,0.2640772137858981,4
HSIC,0.21135260681429757,0.07306343498848088,0.3704213423038562,0.16927815320216993,0.7079202573016988,77.54000091552734,0.07051758118205566,0.2703024879435646,4
HST,0.49960536026249713,0.06464564084361897,0.3634825745955837,0.09481707704474687,1.8863158144126622,20.899999618530273,0.06264201219171116,0.25425507043836704,4
HSY,0.22722430366762808,0.0728755934989311,0.4113139001370905,0.2015828894907967,0.7676259301232076,191.47999572753906,0.07034251424162917,0.2699547989922222,4
HUBB,0.4871438383420028,0.08260078862530117,0.4560447993047492,0.1379901760942098,1.6253935348713422,553.0700073242188,0.07936628383539955,0.2874035292499053,5
HUM,-0.07312201869017339,0.2299263757618174,0.6960990000864757,0.47178243451524826,-0.19420391697743175,215.22999572753906,0.2069543104886047,0.47950638761315517,2
HWM,0.6313133475847255,0.08806546205208429,0.4277237904554818,0.15887737990156486,2.059970824042686,242.44000244140625,0.08440131395105321,0.29675825523830723,5
IBKR,0.672177233420998,0.13681381971603554,0.5260806275007168,0.18696242504848767,1.7631962359584152,76.62000274658203,0.12822945440880737,0.369883521822797,0
IBM,0.07801938134046317,0.10832719830391502,0.4513688999232577,0.286864478455681,0.17628052615748296,231.97999572753906,0.10285185005949887,0.3291309743915255,5
ICE,0.004814961196910924,0.045690617336953815,0.3246709880727587,0.22527513602691873,-0.07103990844401155,158.4499969482422,0.04467754496759112,0.2137536370145636,1
IDXX,0.34077490334504446,0.17616754291898734,0.48003057495553614,0.27337346457786815,0.7642534963533116,565.9299926757812,0.1622613077972934,0.4197231741505195,0
IEX,0.219043832520178,0.06668380885648836,0.3244491104112771,0.17023350369940266,0.7707943566116751,204.74000549316406,0.06455459181139504,0.2582320833213572,4
IFF,-0.00384427786209492,0.08374856241037971,0.4309692021109636,0.2403027299142556,-0.0823939822630633,71.13999938964844,0.08042592261612204,0.28939343878253304,5
INCY,0.5262713782099495,0.10560181270501753,0.42618215050442204,0.18332275209380477,1.557929098133876,94.6500015258789,0.10038981359669125,0.32496432528051067,5
INTC,1.648501185148133,0.45236955854243543,0.8135819288749315,0.24171577948971013,2.421259807671356,82.54000091552734,0.373196400921176,0.6725842389934776,3
INTU,-0.38335124753735483,0.13265914910758844,0.7734803889786134,0.5623956039556851,-1.1074262173675906,395.95001220703125,0.12456809751509834,0.36422403697118677,0
INVH,-0.1576391948278215,0.041965805335025856,0.3364769955892604,0.2915426391471,-0.8671435840751167,27.1299991607666,0.0411091264155716,0.2048555718915789,1
IP,-0.25226893793102634,0.15881216149153604,0.6231052650619663,0.3945674769562213,-0.6832131533882526,32.650001525878906,0.14739548175920916,0.39851243580537865,0
IQV,0.16064622989250432,0.1681576908398991,0.5521386299984381,0.342257165288062,0.3429807357600439,162.27999877929688,0.1554278845738381,0.41007034864752057,0
IR,0.16482656673169133,0.1031652951839746,0.4158406731501362,0.22076934643461157,0.45090123291289386,83.80999755859375,0.09818358868448727,0.32119354785545523,5
IRM,0.3612290147278616,0.08899433456337254,0.4671732034403185,0.2514933631468159,1.1438386631040223,116.02999877929688,0.08525464151614526,0.2983191823590507,5
ISRG,-0.023202423885358217,0.08652812622480104,0.4324057651426044,0.24092660973833865,-0.1468687721692876,482.2200012207031,0.08298740737864138,0.29415663552740234,5
IT,-0.8866278158100237,0.24814637139266055,0.7159984910426573,0.6802811782940933,-1.820015450536432,150.5500030517578,0.2216595478396751,0.4981429226564004,2
ITW,0.16394915979081673,0.04140119099388599,0.2898419841171651,0.1448931828569797,0.7074613475074529,269.2900085449219,0.04056710539291184,0.2034728261805148,1
IVZ,0.7106074202705188,0.12124944923098827,0.5253099669777569,0.2203203285903733,1.9833134316718852,25.510000228881836,0.11444364318092724,0.3482089160704939,5
J,0.1038682021091519,0.08562974136972402,0.43147432106245565,0.2490525037867208,0.2866058277464364,126.5999984741211,0.08216022541391885,0.2926255993069028,5
JBHT,0.7372097280135008,0.14691417140430635,0.4345956295126234,0.15869231683071353,1.8711746559027131,248.58999633789062,0.13707500658047006,0.38329384472530514,0
JBL,0.9277441316466153,0.14850376157502582,0.699437648409974,0.17864654161781968,2.3555629932805875,341.6499938964844,0.13846001834846636,0.3853618579660237,0
JCI,0.6054027010930967,0.0674379088219669,0.3229510680459767,0.12711264008023848,2.254253094724362,141.9199981689453,0.06526129939102103,0.25968809911500934,4
JKHY,-0.08253889927202071,0.05503355366149807,0.389906845973829,0.23294369189569122,-0.43709402768307887,151.14999389648438,0.053572570840761606,0.23459231373064648,4
JNJ,0.43155383560038346,0.028233591321568146,0.2281046615822029,0.0903604428535754,2.449309074657341,227.5,0.027842370132425572,0.16802854317516458,1
JPM,0.27932797350682964,0.044444414637706556,0.35891321938984105,0.1547173661468601,1.2301009984007492,308.2799987792969,0.04348508340137236,0.21081843998499408,1
KDP,-0.0930768066538798,0.07563756301200351,0.34045300554792235,0.274772380367958,-0.41115423827110714,29.219999313354492,0.07291356764771124,0.27502284089144946,4
KEY,0.46393534784598994,0.061118737982872824,0.32363230103350216,0.17763333378148713,1.7956948518859759,21.6299991607666,0.059323764758426885,0.24722204186292293,4
KEYS,0.9552410330242295,0.14241659777761073,0.4866211035453857,0.14000698084631524,2.4782393563584293,346.9599914550781,0.1331458413645961,0.3773812366528187,0
KHC,-0.20423625974030962,0.06253351189705181,0.43383981610734773,0.23185748548717017,-0.8967046689815144,21.940000534057617,0.06065616192803023,0.2500670148121335,4
KIM,0.21910169943278968,0.03696881022447752,0.3027456310608574,0.12697711296121902,1.035516992841755,23.690000534057617,0.03630185186592623,0.19227274956289964,1
KKR,-0.034995584779274495,0.13774486417284218,0.6206990936963291,0.44616244630918894,-0.14818017958598453,101.83000183105469,0.12904811388363252,0.37113995227251156,0
KLAC,1.1429871122734314,0.19980891033082088,0.6660485018664015,0.22406824116894483,2.5122759826789536,1935.0,0.18216230272271555,0.44699989969889353,0
KMB,-0.22347652226629128,0.060572265852942286,0.3198607817294772,0.32432993917099734,-0.9892821657291064,97.8499984741211,0.05880863589090868,0.2461143349196513,4
KMI,0.23025640977344405,0.03786315568479227,0.30259506882531895,0.11110986887747991,1.0805399808664304,31.739999771118164,0.03716394145235931,0.19458457206261823,1
KO,0.10515211273769287,0.02469056511536812,0.2301803926962109,0.08140430124118922,0.54191342839876,76.62999725341797,0.024390679320785286,0.15713231722140458,1
KR,0.015296992059108318,0.07209301091375227,0.40705668866091277,0.19436433600340658,-0.01751576581606838,67.2300033569336,0.06961282279692206,0.2685014169678668,4
KVUE,-0.1788647153658441,0.1092520236884759,0.405574856623982,0.4120374779780488,-0.6016487071945339,17.489999771118164,0.10368593565067484,0.3305329388857878,5
L,0.27542036780870177,0.02157245854572881,0.21850157691928124,0.07246639367049268,1.7390245154344859,110.58000183105469,0.021343066235874567,0.1468756567499489,1
LDOS,0.053406938892457505,0.08203178402166703,0.38604430357061437,0.2645716179237241,0.11663948793002014,146.05999755859375,0.07884055524392411,0.2864119131978749,5
LEN,-0.05159163577602642,0.1329298728693923,0.5594862466905575,0.39872251233120176,-0.1963590810216729,94.05000305175781,0.12480708504590494,0.36459549211337255,0
LH,0.18452388743555648,0.05636469682305631,0.33722012417500175,0.152235891857786,0.6929874585496619,263.79998779296875,0.054833482502138535,0.23741250351035917,4
LHX,0.43438616072362246,0.05831603040865181,0.37471745142578755,0.1581694997209311,1.7159762233533133,317.510009765625,0.0566789943227238,0.2414871226559541,4
LII,-0.001462398388409559,0.11517535807667678,0.55039805902018,0.33770078883635046,-0.06324096182990653,490.9700012207031,0.10901166436381363,0.3393749520466659,5
LIN,0.15742307254805507,0.027171807314169894,0.26247986400836737,0.1918483544967142,0.833681935798542,510.29998779296875,0.026809207426371655,0.1648387312319829,1
LITE,3.038134154763978,0.6398841321447614,1.06734784699547,0.28702202050251335,3.7730092483595943,881.6400146484375,0.49462558820895525,0.7999275793125034,3
LLY,0.0837050026744975,0.151958923011518,0.5594130565926811,0.30259470031320546,0.16342196750056753,883.9600219726562,0.14146390452991242,0.38981909010657495,0
LMT,0.13629075512312336,0.07178035584936504,0.40858175120366935,0.24124426932927961,0.4340526250476744,513.4500122070312,0.06932114972382836,0.26791856197241176,4
LNT,0.21968431123509338,0.023852859174701195,0.23316653811177812,0.07010229814033875,1.2929261595816905,72.30999755859375,0.02357282408039519,0.15444370875727245,1
LOW,0.15269091903442777,0.06246325922362384,0.34794140332538276,0.21837927626019407,0.5309197503087861,244.4499969482422,0.06059004166431189,0.2499265076449952,4
LRCX,1.4598190073032173,0.2349403141930535,0.7325660856671402,0.20006080700633885,2.970497080383061,267.7799987792969,0.211022640323456,0.48470642062288954,2
LULU,-0.5041982476865524,0.23352491577294462,0.6437711772772198,0.5773740188242262,-1.0847482365467604,143.8000030517578,0.2098758560317073,0.483244157515582,2
LUV,0.5157945932463246,0.19162599319865836,0.5759237070007533,0.3349131106180611,1.132594835510995,39.45000076293945,0.17531875531382018,0.4377510630468627,0
LVS,0.47806992252811187,0.13482156654847985,0.4394952077713538,0.25328363491606026,1.2475331417067268,52.810001373291016,0.12647542848511953,0.36718056395795223,0
LYB,0.3596672442325141,0.2150530795524845,0.6938597472836601,0.35448513035487894,0.7324548089969447,69.87000274658203,0.19478776271274093,0.46373815839596866,0
LYV,0.2131871464021294,0.09264290375611857,0.4393734997395868,0.27835227868443757,0.6347053339197237,156.63999938964844,0.08859944378689127,0.30437296817575404,5
MA,-0.02858911788422197,0.044788905628706494,0.32333080564645417,0.18924870630742094,-0.22959043409086283,504.1700134277344,0.043814860828125295,0.21163389527366946,1
MAA,-0.17648686301522712,0.0356050108352988,0.307005900964747,0.2574128293167807,-1.0413050099859342,125.66000366210938,0.0349858074653268,0.18869290086089302,1
MAR,0.48886459224094453,0.06970000164572009,0.37304650381740684,0.1264757976073267,1.7759512603123946,367.1499938964844,0.06737823686843561,0.26400757876568637,4
MAS,0.28020998810211173,0.11161880469767545,0.407393727904146,0.24375663611559173,0.7788526091485318,74.18000030517578,0.10581733552764712,0.3340940057793247,5
MCD,-0.021201704733046136,0.025375378153805937,0.2565336146168671,0.11736269510706034,-0.25864788053351967,299.3599853515625,0.02505876813632606,0.15929651017459842,1
MCHP,0.7791587612457392,0.20035220642547208,0.548049833918158,0.3441434218122094,1.6960378641740275,89.44000244140625,0.1826150190842443,0.4476072010429145,0
MCK,0.21933451366543505,0.08008941105922558,0.42749101994300526,0.1683054130090105,0.70436043152714,828.1099853515625,0.07704382572719097,0.28300072625211686,5
MCO,0.08153144761553548,0.0682506472433174,0.37719759158245275,0.23605932869586063,0.23552865144305055,456.04998779296875,0.06602240143305399,0.26124824830669663,4
MDLZ,-0.07345256335393634,0.048586959053222085,0.35790385286279264,0.2593276662061974,-0.4239663216068898,57.61000061035156,0.04744350454760696,0.22042449739813877,1
MDT,0.040249279757344346,0.03783966235316029,0.29008802273260353,0.20951718043115358,0.10409645844151302,83.31999969482422,0.03714130494444611,0.19452419477576635,1
MET,0.08943076905605683,0.05350612534422154,0.43180889997566935,0.17461390837681562,0.30015820841227137,77.69999694824219,0.05212376852543309,0.23131391083162625,4
META,0.27614226266986025,0.12424934987480636,0.41930343006354287,0.33296879207231905,0.7266648934383649,675.030029296875,0.11711556839393512,0.35249021245249684,0
MGM,0.2904210386303703,0.1349686629926978,0.5280950671705202,0.22755848730805034,0.7360782812465644,39.540000915527344,0.12660504085414764,0.3673808146769477,0
MKC,-0.3050082676536207,0.07555836857950404,0.38602978754677164,0.3637677003268505,-1.1823692397526497,51.529998779296875,0.07283993936367421,0.27487882526579605,4
MLM,0.23469779720095355,0.05799466119340161,0.3789784981415545,0.20721538085932875,0.891525112274425,615.2999877929688,0.05637528729237551,0.2408208072268707,4
MMM,0.11436470768668319,0.06895711833590511,0.38021410956208823,0.18771215865558974,0.3593519838219712,145.99000549316406,0.06668351742720062,0.2625968741929445,4
MNST,0.31521338656513936,0.0502775825953758,0.3557454780921521,0.17701365473161568,1.3165848483129616,78.2300033569336,0.049054493607876046,0.22422663221699557,4
MO,0.2295729680343121,0.04354149704159844,0.2814070217973631,0.16396944236149733,1.0043465350629375,66.87999725341797,0.04262021391414126,0.2086659939750568,1
MOS,-0.07504713755663528,0.17742583164729356,0.7152946433531296,0.3715658929569932,-0.22564754735749215,24.0,0.16333055693929596,0.421219457821328,0
MPC,0.5606893841893252,0.0919727654760135,0.43047744898872536,0.18328665232851732,1.782864018397442,224.13999938964844,0.08798593697142465,0.30327011965575096,5
MPWR,1.1486236465246455,0.20813352629278312,0.6678256621610666,0.22450573234834414,2.4738771204773227,1632.06005859375,0.1890766284146611,0.4562165344359881,0
MRK,0.3793431118073742,0.07843835698749167,0.40885896470558614,0.13767604937804173,1.2830544293840882,111.9000015258789,0.0755140289664833,0.28006848624486774,4
MRNA,0.8341723413915241,0.4207824252676209,1.0050264541712142,0.35506196160171943,1.2551266426382834,50.72999954223633,0.35120772357595703,0.6486774431623323,3
MRSH,-0.21020668991162486,0.05239189313157982,0.31286382780623034,0.2703255324398185,-1.0057403969074625,170.10000610351562,0.051065566934623156,0.22889275465068748,4
MS,0.5460610925515841,0.0638824265534766,0.3825326883475621,0.18830213175963778,2.081351740058246,188.07000732421875,0.061924883454213146,0.2527497310650925,4
MSCI,0.15532137811700092,0.07838070420056437,0.372704710058202,0.18072825053488148,0.48335012083193246,592.6900024414062,0.07546056802673319,0.27996554109490757,4
MSFT,0.11882909227142592,0.060106413933338335,0.37304079719593103,0.33910096865881634,0.4031107663533619,424.6199951171875,0.05836929358833581,0.24516609458352584,4
MSI,0.052155297430747774,0.04499111526324641,0.30056400389512017,0.2544826919685632,0.15159649200026984,438.260009765625,0.04400838324019687,0.21211109179683746,1
MTB,0.30664865963770865,0.04933256222668439,0.35913577627079407,0.1697572385358121,1.2905744982046286,214.9199981689453,0.048154307032918515,0.22210934745454633,1
MTD,0.2333697507314502,0.08674225535281156,0.4228843820134306,0.22444590055081737,0.7244651434887797,1282.449951171875,0.08318446443193633,0.2945203818970965,5
MU,2.0242903293375134,0.3474702512857101,0.7627320405387723,0.3027631751559942,3.4001792824849293,496.7200012207031,0.29822894658938215,0.5894660730573983,2
NCLH,0.21042915632026712,0.277153037638361,0.7452139512110509,0.350408327651054,0.3617209159303506,18.510000228881836,0.24463341140354314,0.5264532625393835,2
NDAQ,0.2187357160073457,0.05694422112485419,0.3794507098375406,0.217567871865334,0.8328199025065562,89.9000015258789,0.05538193456364533,0.2386298831346447,4
NDSN,0.44721130552436617,0.048705221735072704,0.2987962491783426,0.14147643513495936,1.9357754365979325,282.3599853515625,0.04755628109162812,0.22069259556014267,1
NEE,0.42788334079335116,0.05880593875851332,0.33723061444627384,0.10746654764208037,1.6819976090373425,95.27999877929688,0.05714180030720722,0.24249935826412677,4
NEM,0.9298050117829357,0.20569973893537843,0.8296480055593152,0.2724980619952926,2.0060024292704215,120.69999694824219,0.18706009461574877,0.45354133101116423,0
NFLX,-0.12201427878091872,0.10965480833702125,0.5403805302582798,0.4335127747768319,-0.4288625983413194,92.44000244140625,0.10404898347869178,0.33114167411701784,5
NI,0.24168479875323623,0.03330480705219695,0.2833496021330472,0.09139165096869288,1.2147375397527544,47.9900016784668,0.032762216363416995,0.18249604667552924,1
NKE,-0.154967723742593,0.15188559554619419,0.4941905007174511,0.45228196707488505,-0.4489517281885399,44.689998626708984,0.14140024792048594,0.38972502555801336,0
NOC,0.24637560005155576,0.06785093254167324,0.32055547112417526,0.251178392846357,0.8690638877059068,575.1099853515625,0.06564815452448725,0.260482115588908,4
NOW,-0.6508400643160553,0.18303388820005626,0.6240158527448612,0.6027529765110703,-1.5680259260889098,90.16999816894531,0.16808223057079336,0.42782459980704274,0
NRG,0.5237355460412746,0.24627635917330876,0.6849195908492537,0.23257079462944966,1.0150588816716155,159.80999755859375,0.22016019286125627,0.4962623894406151,2
NSC,0.409373390844351,0.040193029491977283,0.2625002401751923,0.12472071801144004,1.9421863536979935,319.7099914550781,0.03940630121149959,0.200481992936965,1
NTAP,0.2738344998297164,0.09291007878236249,0.4410604751379222,0.24833372410121538,0.8327588074578114,108.70999908447266,0.08884393571155237,0.3048115463402961,5
NTRS,0.6485050681061634,0.07189265076645657,0.3741468978210784,0.12386237084814579,2.3440481888682063,164.00999450683594,0.06942591842394977,0.2681280491974992,4
NUE,0.684380092272769,0.09572906098148115,0.42591180190236144,0.18434321399883452,2.1473098247829774,214.2899932861328,0.09141995083141859,0.30940113280574966,5
NVDA,0.6906802365297324,0.11164816930903007,0.5247109456703474,0.2021438799966145,2.0071956432796325,208.27000427246094,0.1058437512588208,0.33413794951940146,5
NVR,-0.04811090196466124,0.07276037302435359,0.4085237518397367,0.25443288273293946,-0.2525045295113654,6503.9501953125,0.07023511440634868,0.26974130759739706,4
NWS,0.0024921992574225486,0.05606278450436934,0.40416310006441186,0.2684307795662235,-0.07394252265563929,30.239999771118164,0.05454763853976693,0.23677581064029607,4
NWSA,-0.0003817931020121943,0.0541419472407043,0.3391514731009362,0.27811798748900896,-0.087594220669932,26.200000762939453,0.052727115852760874,0.2326842221567769,4
NXPI,0.3223365716443463,0.14102445455535242,0.5016056612516382,0.24579578189941728,0.8050882155841793,244.0399932861328,0.1319265032141141,0.37553222838439904,0
O,0.17554465986022746,0.02383065614272561,0.24420057230576792,0.11101238886658132,1.007597556117134,63.33000183105469,0.02355113808076647,0.15437181136051237,1
ODFL,0.49062271834494897,0.15192473010530722,0.5072309028482094,0.28014987395308844,1.2074207949549225,219.97999572753906,0.14143422168879582,0.3897752302357183,0
OKE,0.10079534807399393,0.06443198282012595,0.4384623046980269,0.2377698540098881,0.31829924467319537,87.5,0.062441307415299505,0.25383455797059223,4
OMC,0.1075945424743294,0.1172864143725654,0.458245977811133,0.17853026485719775,0.25577211448568843,75.73999786376953,0.11090290116004682,0.3424710416554448,5
ON,1.053280028374757,0.2720290345476033,0.6628364311236671,0.2810248042058548,1.9811182795193152,98.4000015258789,0.24061329055962732,0.5215640272752745,2
ORCL,0.4128471472854979,0.3808961142499754,0.8577134225267267,0.5824985699540268,0.6365321335804582,173.27999877929688,0.32273264657949086,0.6171678169266244,2
ORLY,0.05812978456149115,0.042980615704294865,0.3149577536261654,0.19031716472961027,0.1839196090867118,93.12999725341797,0.04208259071102538,0.207317668577222,1
OTIS,-0.1314047459896045,0.05313895532330657,0.3065967960357958,0.23791227429137254,-0.6567997560821913,77.94999694824219,0.05177518581636419,0.23051888279120775,4
OXY,0.4285368644189861,0.11383206528229568,0.5482151138097445,0.1879528585409539,1.2108739707307405,57.119998931884766,0.1078063808435151,0.3373900788142646,5
PANW,0.05799518733432952,0.1198085015452027,0.657178459393901,0.36005964836825055,0.10977027997720945,178.5399932861328,0.1131576899249142,0.34613364694175963,5
PAYX,-0.4036263050272101,0.06196645804979748,0.4179452549229924,0.44950793631472596,-1.701784576468179,89.81999969482422,0.06012233856371688,0.2489306289908847,4
PCAR,0.3843739220533221,0.06583959874458986,0.3091381588916025,0.140716668153499,1.4200502073698555,127.0,0.06376284420103835,0.2565922811477186,4
PCG,0.015894499178178614,0.07627730808778635,0.44384735722685315,0.27122148089510456,-0.014865121540746628,16.610000610351562,0.07350814980634764,0.27618346816525124,4
PEG,0.04596297323391898,0.035182786832142196,0.3312091756119831,0.1272700700264768,0.138416960113327,80.73999786376953,0.034578016759313095,0.1875707515369659,1
PEP,0.2159085375369777,0.04452325352844169,0.26628970363767424,0.11208597134950542,0.9284529836692234,155.44000244140625,0.04356056459907015,0.21100534004721702,1
PFE,0.2678848062978025,0.06467299442911749,0.3712986416382094,0.11472417816426039,0.9747391806733768,27.0,0.06266770452826136,0.2543088563717699,4
PFG,0.3679650641888099,0.05063400309398645,0.35998564392164145,0.11963816585767634,1.5463738997958154,99.33999633789062,0.04939379441849356,0.22502000598610436,4
PG,-0.03956847411397463,0.03131466310838558,0.2783355377105099,0.17619687946895596,-0.33662208342006494,148.17999267578125,0.030834360321216548,0.17695949567170896,1
PGR,-0.19015768446608558,0.05113642809480721,0.3729954959781155,0.29396083116218985,-0.9293516625119023,200.88999938964844,0.04987189136279856,0.22613365095625906,4
PH,0.5302966907456093,0.057337708018027386,0.3453976337177843,0.15790506146352598,2.13109390796104,974.469970703125,0.05575415256569364,0.2394529348703569,4
PHM,0.2908758545497876,0.11432628316530423,0.4596445409497762,0.2005995111622106,0.8011194062715299,127.55999755859375,0.10824999194634151,0.3381216987495837,5
PKG,0.20079654057802615,0.0682903605072838,0.37818751544101553,0.1720965768609509,0.6918475599656144,212.8699951171875,0.06605957672136056,0.2613242440097815,4
PLD,0.3892502708162233,0.04583799823792239,0.29110867544605046,0.0958530605206577,1.7246779093722993,142.10000610351562,0.04481847624638406,0.21409810423710526,1
PLTR,0.37989549205265544,0.27749233575686644,0.9594578975217737,0.3818901337688687,0.6832048025798315,143.08999633789062,0.244899043670185,0.5267754130147557,2
PM,0.03339955533276057,0.06923100819529582,0.4333249852264219,0.20636352259229102,0.050926057767987774,164.1999969482422,0.06693970616708765,0.26311785989418474,4
PNC,0.3874736388355306,0.047680062166728376,0.3107296330992661,0.17209667251024158,1.6828979577987884,219.86000061035156,0.04657825509809221,0.21835764737404637,1
PNR,0.06173041514227406,0.06387682649074289,0.36210468294985537,0.25045903676514714,0.16511291297118463,91.75,0.061919619641847425,0.2527386525459509,4
PNW,0.14073662766377817,0.02581249107144107,0.2515927069507016,0.08434635910858287,0.751491515840279,102.30000305175781,0.025484972806127514,0.1606626623439344,1
PODD,-0.2539853775778189,0.13945347230115615,0.518939156639095,0.462728888318398,-0.7336902017681638,189.55999755859375,0.13054873719041912,0.37343469616675434,0
POOL,-0.15568755196513667,0.1056615441265304,0.4173120773316076,0.39778011428867416,-0.5404835928267221,232.5500030517578,0.10044383829831068,0.3250562168710674,5
PPG,0.1344777902965077,0.07967193355950401,0.4314414322197619,0.25677456953790667,0.4055725555308627,109.80000305175781,0.07665722976744634,0.28226217167644696,5
PPL,0.12148824714359241,0.027541902216527043,0.2582708843848345,0.11691281545147411,0.6115314340318896,38.75,0.027169447302752323,0.1659575313642832,1
PRU,-0.010377556007363531,0.05225562509936422,0.4490172742766799,0.21455574737230468,-0.13288816565643802,94.20999908447266,0.050936074436496385,0.22859489298618246,4
PSA,0.12423739854536395,0.04798045837890671,0.3123976720246768,0.16199237466788716,0.4758733322727264,308.2900085449219,0.04686493913998801,0.21904442101753405,1
PSKY,0.15272478869050676,0.44503758301603336,0.858395683714869,0.5504662001365035,0.19895446878423478,10.970000267028809,0.3681353302338026,0.6671113722730511,3
PSX,0.5362588402538407,0.09477870939954793,0.4774336459467208,0.17277458567135853,1.6769190799143623,162.85000610351562,0.09055225097259106,0.3078615100975566,5
PTC,-0.06515028647896356,0.10600884923869394,0.5161342485191677,0.38373434076717516,-0.2615261095907206,137.1699981689453,0.1007579041881107,0.3255900017486623,5
PWR,0.8380354102091571,0.10654829141108113,0.4692890092296926,0.11662864392090272,2.506102665497903,624.8400268554688,0.10124552294666395,0.3264173577049498,5
PYPL,-0.17703640395841433,0.14854043014704754,0.5274611980578879,0.4992285689350683,-0.5112391853528577,50.47999954223633,0.13849194509341708,0.38540943183457194,0
Q,0.4943325050623972,0.14728550961713377,0.6408687431132529,0.27123179330809455,1.235955618552633,144.47999572753906,0.1373987257572637,0.38377794310920704,0
QCOM,0.08235390219432437,0.1147471531457147,0.4154206367515212,0.3312840621682296,0.1840740965612487,148.85000610351562,0.10862761071704309,0.3387434916654705,5
RCL,0.34016577760161065,0.19860727221632601,0.6332589350810729,0.32356573632206487,0.718418215252617,265.8399963378906,0.1811602762822823,0.4456537582208031,0
REG,0.17018243353356496,0.025272733634075072,0.21561060784103048,0.0817164009486279,0.9446980681551655,80.19000244140625,0.024958658791161915,0.1589740030133074,1
REGN,0.30690207133847625,0.15386553893409227,0.49006927342905304,0.21425202473690014,0.7314135513969664,751.5700073242188,0.14311764390909465,0.3922569807334119,0
RF,0.3900565342764067,0.0632362648608129,0.3852681228436617,0.18448013532930996,1.4715837120252504,27.760000228881836,0.06131733699698219,0.25146821839113764,4
RJF,0.15439614525449308,0.05892697025562791,0.38260224920922586,0.19641750996580057,0.553642927397414,153.4199981689453,0.05725610319850309,0.24274878013211088,4
RL,0.5880104456228792,0.09696365411284592,0.43282058978081983,0.14942676271924268,1.824113407772073,371.239990234375,0.09254604866841251,0.31138987477573177,5
RMD,-0.03888458923517762,0.046117866669310836,0.36812668162811424,0.24916833813243774,-0.27419974411591147,219.85000610351562,0.04508604253471066,0.21475070819280395,1
ROK,0.5387279520632006,0.08045187994335626,0.3601602896661273,0.18728310305357276,1.8288224843907048,401.17999267578125,0.07737936098313894,0.283640406048497,5
ROL,0.06170573741568448,0.05256297688255482,0.288117628273093,0.19787901033547622,0.1819096875296839,56.599998474121094,0.05122812030219305,0.22926617038402072,4
ROP,-0.42364254457173683,0.05531879086943386,0.3835812190644105,0.4558678806942092,-1.8862395559196485,353.3999938964844,0.0538428927236566,0.23519947038510494,4
ROST,0.5269244089884397,0.06037976618586154,0.24792091012128928,0.1768327831682037,2.062991744408231,226.3699951171875,0.05862711394727069,0.2457229459897092,4
RSG,-0.12376304629404732,0.031279408028669436,0.27857765849471505,0.20498620290230693,-0.8128642135434583,209.7899932861328,0.030800175136440816,0.17685985420289546,1
RTX,0.3773600296119322,0.05477965065442014,0.34023537088466305,0.17863880326677317,1.526849904644559,174.25999450683594,0.053331883174399235,0.2340505301306112,4
RVTY,-0.009952725722384316,0.1419775913733634,0.5853428165064022,0.2874734440083985,-0.07949255345549887,86.7699966430664,0.13276148877629354,0.37679913929488135,0
SATS,2.169636193173558,1.2166137520532392,0.8788069729540717,0.34061856613945746,1.948895734329446,117.5,0.7959806944605523,1.1030021541471435,3
SBAC,0.060041863135589665,0.10400858385152296,0.4552287321260025,0.30633759488511286,0.12415942289248327,219.47000122070312,0.0989477230525054,0.3225036183541558,5
SBUX,0.23544155344503043,0.08735974617111274,0.4309064536231533,0.1852930840302493,0.7289098015320806,98.66999816894531,0.08375250662542334,0.29556682183748695,5
SCHW,0.1415884800397715,0.05283832322853787,0.36343779421071026,0.17172967957366503,0.5289540123706141,88.5,0.051489682169318644,0.22986588095787044,4
SHW,0.05647870286878085,0.05896914017814134,0.35220347405702607,0.18739955415956297,0.1502197342403072,337.70001220703125,0.05729592566412003,0.24283562378312895,4
SJM,-0.09862287920479981,0.08741725699745416,0.39146647291579334,0.22818966569571658,-0.4012082672922894,96.06999969482422,0.08380539556646975,0.2956640948736491,5
SLB,0.5765153546747496,0.11135157553306751,0.4781427554434944,0.14302254772395365,1.6677423921680072,56.150001525878906,0.1055769102225943,0.3336938350240644,5
SMCI,0.08148524789485333,0.5903026392422823,1.0359051831391692,0.6618349366456124,0.08002645258039146,29.079999923706055,0.46392433726603266,0.7683115508973442,3
SNA,0.25343787515225014,0.04295826769397016,0.2615296153747071,0.08467874058491702,1.1262840697209087,378.4200134277344,0.0420611634194557,0.2072637635815054,1
SNDK,3.8937872663295536,0.8991915977680358,1.0317169091620229,0.3133874931400125,4.0851654212777975,989.9000244140625,0.6414283207733559,0.9482571369454784,3
SNPS,0.2962863395631682,0.32178429887366444,0.6629136358653579,0.410443920951171,0.48705385817422336,500.82000732421875,0.2789825653890694,0.5672603448802538,2
SO,0.07884916227814018,0.02561614302420276,0.2642449375956021,0.14990265738119227,0.3676913518369904,93.48999786376953,0.025293547138595628,0.16005043900034377,1
SOLV,0.07607299156204606,0.07930910969741171,0.3943427892373492,0.274553028543713,0.19910959525381636,68.5199966430664,0.07632112318916849,0.2816187310840877,4
SPG,0.32080465615199,0.03938487948128883,0.26348367353315916,0.11539198321871837,1.515722836724492,201.16000366210938,0.03862907613338781,0.1984562407214468,1
SPGI,-0.05035833066160386,0.07193431475645647,0.35537256730626987,0.30477582068397613,-0.2623297052542738,436.7900085449219,0.06946478722322806,0.26820573214690335,4
SRE,0.2723575475859591,0.037360594097486544,0.2886948579860674,0.08809668768643972,1.3055978055715742,93.19999694824219,0.03667959695969138,0.19328888767201943,1
STE,0.022387428830603087,0.05917456746495426,0.29089427739139434,0.2075561065562198,0.00981438042357504,221.8000030517578,0.05748989483317663,0.24325823205999475,4
STLD,0.654678040683427,0.11897012945361918,0.47860732051665295,0.20327535896201793,1.8400706800846156,226.7899932861328,0.11240873500890385,0.3449204683019249,5
STT,0.6083172104840504,0.06002312271067787,0.36554174183780275,0.11791033740995725,2.401332287945817,150.74000549316406,0.05829072176405459,0.24499616876734598,4
STX,2.1780412801034057,0.37749078754357085,0.8829045456533797,0.20997829641359603,3.512421033173485,586.25,0.320263574213909,0.614402789335767,2
STZ,-0.10567225270574915,0.08486663925179609,0.42003767080627685,0.3385003693269749,-0.43139081876555485,156.0,0.08145706630599966,0.29131879316617404,5
SW,0.05190573713394519,0.1596392704879198,0.5919114411581465,0.32207838458831967,0.07985441188951377,39.959999084472656,0.14810898303860978,0.3995488336710793,0
SWK,0.34780539096828883,0.16293562339875042,0.4850774017546329,0.2613576919682807,0.8120973031211167,76.63999938964844,0.15094751809107274,0.4036528501060663,0
SWKS,0.13467686225292638,0.1142705746412873,0.5166976452846593,0.35235523785035466,0.3392412038876355,63.650001525878906,0.10819999768754733,0.33803930931370585,5
SYF,0.4629490534161249,0.09310110838827791,0.43782083588929094,0.27614271910895954,1.451698246489656,76.30000305175781,0.08901871030330452,0.3051247423403712,5
SYK,-0.08002128436098846,0.039576477914708016,0.3104799322146514,0.18802449913501756,-0.5027752099881311,327.510009765625,0.038813397437177335,0.19893837717923613,1
SYY,0.14191787916420243,0.07109598348518653,0.3067758075871183,0.2397981266908401,0.45724068436999094,76.55999755859375,0.06868240788428835,0.26663830085939744,4
T,0.04314815217583205,0.0468259731317411,0.3514052671381934,0.20593605422169753,0.10697269147266823,26.200000762939453,0.04576270329930714,0.21639309862317951,1
TAP,-0.22168110756532045,0.06506517173173273,0.40205315223095045,0.2563497876948471,-0.9474764241929897,42.439998626708984,0.06303599140340804,0.2550787559396759,4
TDG,-0.07866997287933447,0.07486084237732062,0.33708336271255673,0.25298883252653415,-0.3606265141512902,1148.1800537109375,0.07219120424905782,0.27360709489580237,4
TDY,0.3762109386250099,0.053673839842287824,0.3011119289569754,0.18387182843282937,1.5375382148772496,648.6799926757812,0.05228295236467919,0.23167615294261043,4
TECH,0.17090719116312045,0.17746072065782095,0.6438588358470793,0.31527494212995144,0.35822741175943135,54.189998626708984,0.16336018809965552,0.4212608700767506,0
TEL,0.4636515330164493,0.10494504473541445,0.5154130168218111,0.211083798800267,1.3694967881028084,214.6699981689453,0.09979560046185787,0.3239522260078088,5
TER,1.876437951997082,0.3391199625777244,0.6271914296367871,0.20351793372802093,3.1878931791166956,418.0799865722656,0.29201265386680353,0.582340074679499,2
TFC,0.3746581111195494,0.05410793785501225,0.3203755868883141,0.20673486488783496,1.5246824644154093,50.72999954223633,0.052694852707926454,0.232611130118514,4
TGT,0.38522480561295247,0.09264749587666661,0.4560012199488906,0.20270208151008462,1.199895497988847,129.25999450683594,0.08860364654232261,0.304380511657147,5
TJX,0.24422128308370666,0.029059320526743995,0.2587981343861457,0.10131081814602848,1.3153281228498652,157.02999877929688,0.028645103904326223,0.17046794574565624,1
TKO,0.23506044742960097,0.09716365151639098,0.520392405582781,0.18280151761009644,0.689935721476289,186.5,0.09272835112970164,0.31171084600377796,5
TMO,0.15560312887211322,0.09950121231309517,0.44180595232674713,0.2730798988993545,0.4298882000244025,469.7099914550781,0.09485663361606837,0.31543812755133954,5
TMUS,-0.1604129002827672,0.056560677880115894,0.4025392824122068,0.28512440801794325,-0.7585955404332385,189.8000030517578,0.055018989344895956,0.23782488910985725,4
TPL,0.1003266750356244,0.21432288281745696,0.6621096713556981,0.42343270995636184,0.17351040338000712,438.9100036621094,0.19418662335158218,0.4629501947482655,0
TPR,0.8485555353783,0.15119960350492487,0.49431520202367557,0.15713912410780465,2.130817706155264,145.88999938964844,0.14080453217202918,0.38884393206648454,0
TRGP,0.36705222088795114,0.07443230035639124,0.4473585210025773,0.17427961426086513,1.2720790707243472,240.69000244140625,0.07179242939784024,0.27282283694073567,4
TRMB,0.12565480075195795,0.07473863130071835,0.41500207026831176,0.26630686904194134,0.3864707813580257,67.3499984741211,0.07207749834409236,0.2733836705085334,4
TROW,0.19695899623001512,0.05940996144576261,0.3530324431678199,0.19756331805209998,0.7260106824263919,99.05999755859375,0.05771211299682767,0.24374158743587976,4
TRV,0.18928168830283368,0.03361158340335559,0.3055229057951583,0.0893327861667055,0.9233481762008189,302.7300109863281,0.03305906083649575,0.18333462139856616,1
TSCO,-0.2493982061472374,0.0833363129124944,0.42379382529301757,0.4083727135356643,-0.93320607781069,36.7400016784668,0.08004545805051819,0.28868029533117495,5
TSLA,0.3929346884335406,0.2245292289721825,0.6805182828576729,0.2993182073595529,0.7870391542753111,376.29998779296875,0.20255646725356302,0.4738451529478618,2
TSN,0.11700143441528253,0.05363533340936433,0.32400513911956896,0.15682555419341976,0.4188443526517982,64.02999877929688,0.05224640677050009,0.23159303402599207,4
TT,0.3820256504921315,0.07489952524508213,0.403720563864215,0.2015735879021411,1.3228171296022353,486.4200134277344,0.07222719232321557,0.27367777630834794,4
TTD,-0.5757701030733088,0.4359085760340273,0.7621732118647866,0.7761809305430171,-0.9023624172817791,23.969999313354492,0.3617978028848191,0.6602337283371906,3
TTWO,-0.024475537465245112,0.08559653739639007,0.45226716274648077,0.27679287711442363,-0.1520173321963774,210.75,0.08212963995752376,0.2925688592389663,5
TXN,0.6420687624619693,0.15281898937331317,0.4007202397236346,0.2957435794914497,1.591291459481941,277.1400146484375,0.14221023795934695,0.3909206944807517,0
TXT,0.2848402422210494,0.06088035467512923,0.3280408820752777,0.1468811734494163,1.0733599572665986,87.95999908447266,0.05909908670877909,0.2467394469377145,4
TYL,-0.37151782205601663,0.11566865656184774,0.4900489050546331,0.5307963842636731,-1.1511812049576011,342.0299987792969,0.10945391715242121,0.3401009505453458,5
UAL,0.42842767894117006,0.23496285716055323,0.7182470439896664,0.27499361891014884,0.8425885613856603,93.0,0.21104089445403232,0.4847296743139966,2
UBER,0.011088308695480754,0.10498008361042481,0.5514223316243035,0.30889109530745,-0.027504685108986415,74.63999938964844,0.09982731092531552,0.3240063018066544,5
UDR,-0.10691278939043666,0.038913653314572076,0.2959687991458559,0.2164953645929857,-0.6433604903728556,34.77000045776367,0.0381756030953657,0.19726543872298583,1
UHS,0.06876939432670653,0.09800624786702992,0.45594104200455504,0.28469674363730335,0.1557831498223946,174.35000610351562,0.09349603329613133,0.31305949573049197,5
ULTA,0.43802844115738226,0.1189782319398553,0.3697146798778856,0.2783311294923322,1.2119147610576853,558.5499877929688,0.11241597600371492,0.34493221354326314,5
UNH,-0.02575716817648577,0.2170134821775317,0.49217560203654187,0.42986220597300456,-0.0982235850022189,354.9200134277344,0.196399892150709,0.46584705878381555,0
UNP,0.2792633328936987,0.04637197856596859,0.322127704181313,0.12282282052287392,1.203963404768553,268.70001220703125,0.04532892246885759,0.21534153934150418,1
UPS,0.1938453939394204,0.07479144527197437,0.38212707445528615,0.2027709961642388,0.6356780649078477,107.0199966430664,0.07212663836017517,0.27348024658460135,4
URI,0.5260124991114417,0.17211622425015619,0.45960178533186447,0.3004272918179917,1.219692460966455,974.4099731445312,0.1588108536869932,0.4148689241798621,0
USB,0.40028002803075996,0.04926100825159852,0.3123643531448673,0.16213543192758614,1.7133728033190603,55.58000183105469,0.04808611471962815,0.22194821074205243,1
V,-0.052157891324338894,0.041751952058469884,0.35318104750123397,0.2037769210232238,-0.35313880309489876,309.4200134277344,0.04090386514489516,0.2043329441340037,1
VICI,-0.05339652736981879,0.026180806713454418,0.2638865009084751,0.17876473508602547,-0.4536114415154394,28.420000076293945,0.025843956089714563,0.1618048414400954,1
VLO,0.8225765768740771,0.11779215598252833,0.47902734042207684,0.14186994360592278,2.3384511140865816,235.85000610351562,0.11135545045768867,0.34320861874744396,5
VLTO,-0.016330974038751493,0.03979269431761586,0.27973506707688756,0.22343124235431225,-0.18212743392091482,88.62000274658203,0.039021360897032786,0.19948106255385714,1
VMC,0.20723327084409862,0.06255482356564168,0.40008860344616964,0.220549883281893,0.7486048258591244,292.07000732421875,0.060676219135285994,0.25010962309683665,4
VRSK,-0.4291847687293284,0.08466280591043876,0.462010861320546,0.4847698182351384,-1.5437561208914776,177.58999633789062,0.08126916072821494,0.2909687369983909,5
VRSN,0.03524841307485048,0.07186157865765588,0.3731752389790086,0.30209022336804353,0.0568821851434019,269.20001220703125,0.06939692992482391,0.268070100267926,4
VRT,1.4832346153093436,0.31884336919589085,0.7806537761849612,0.2478250196032874,2.591345208236231,323.4599914550781,0.2767551170219304,0.5646621726270415,2
VRTX,-0.07190209504145456,0.1274915944035932,0.4060985945665363,0.28058879579014334,-0.2573858311146861,430.2900085449219,0.11999533729248871,0.3570596510439022,0
VST,0.38550267230386637,0.23475512438563395,0.747453172939136,0.3450866616131727,0.7543675805190845,164.35000610351562,0.21087267057020317,0.48451535000001184,2
VTR,0.2512585252332714,0.03562814386401413,0.2701981587948161,0.10887559098382348,1.2251835387697059,83.62000274658203,0.03500814491069243,0.18875418899726207,1
VTRS,0.6875355798298313,0.10424121805864553,0.401097694003224,0.1896608834900249,2.0675436156552833,14.59000015258789,0.09915841860676919,0.32286408604650585,5
VZ,0.1922834927532789,0.04988497412707921,0.27017786580084663,0.1331537815736572,0.7713629802774216,46.380001068115234,0.04868060971816149,0.22334944398202383,4
WAB,0.40713775873380736,0.053320458916908994,0.30859421921420715,0.13289930497882385,1.6765580379736411,267.05999755859375,0.05194751630877682,0.23091223206428238,4
WAT,-0.02125455235251183,0.12876480822895858,0.4530895127751357,0.31323022869097583,-0.11496702315797751,309.8699951171875,0.12112394480272265,0.3588381365308857,0
WBD,1.2690019152579282,0.23635480305792728,0.4555840301190571,0.21313869466765883,2.5690992848315695,27.06999969482422,0.21216737533261312,0.48616335017967705,2
WDAY,-0.6172209105395422,0.15884993148755813,0.7003256545769097,0.5904772177957108,-1.5988087002684876,119.76000213623047,0.1474280749453685,0.39855982171759124,0
WDC,2.5137438105371435,0.38188689638767004,0.8504491111140203,0.20591296505533582,4.035380181191025,404.0,0.32344988146645337,0.6179699801670547,2
WEC,0.10692760476533716,0.022265871092050245,0.22340182762594274,0.11222417349903258,0.5825562525516715,114.5999984741211,0.02202160578851049,0.14921752943957436,1
WELL,0.39150460081523175,0.041835816943415656,0.3269979751294254,0.12611655240681136,1.8163103994225838,208.75,0.0409843656030364,0.20453805744510153,1
WFC,0.18703646069295052,0.06841204585401839,0.4524172114173597,0.22746974504700376,0.6386236390146658,79.41999816894531,0.06617347685691884,0.2615569648356136,4
WM,0.037376974394604474,0.033732594434530215,0.2570256679199307,0.18135418560795405,0.09461266785760454,229.52999877929688,0.03317612990763551,0.18366435265050812,1
WMB,0.259583528319953,0.04846948729705555,0.30280361206140105,0.12360428465662825,1.0882351349625328,72.18000030517578,0.04733146964602492,0.22015786903278192,1
WMT,0.34709019258527424,0.0472384856515908,0.27515220502969895,0.10923699764430313,1.504941225349512,129.9199981689453,0.0461566859424444,0.2173441640614967,1
WRB,-0.01013832991661699,0.04265223376291411,0.362123132960393,0.16386485462554154,-0.14593124656723425,66.52999877929688,0.041767691620154035,0.2065241723453071,1
WSM,0.3054403344675466,0.11616344183786816,0.4694118206253749,0.20564645541459947,0.8374918817765462,190.5500030517578,0.10989730649562598,0.34082758373973804,5
WST,0.44354353454185,0.17176016404718694,0.4773035446133502,0.2470467723758437,1.0219669084135705,306.1600036621094,0.15850703202857647,0.41443957828275396,0
WTW,-0.008764162907642741,0.05661631964852859,0.33090402690765247,0.19736918302653908,-0.12088736810407814,287.7300109863281,0.05507165106560428,0.23794184089505693,4
WY,0.07666993124783307,0.06696996369784583,0.3633234080108231,0.21957275381386543,0.2189841359354412,25.030000686645508,0.06482282168707029,0.2587855554273573,4
WYNN,0.32668731818948266,0.1271827847579435,0.5141945957918338,0.27266762907085695,0.8599667361672112,105.66999816894531,0.11972140891468407,0.35662695461496385,0
XEL,0.18692558544537385,0.034564758167531615,0.2639192916647515,0.11496775606612977,0.897854878497492,79.1500015258789,0.033980814762893746,0.18591599761056501,1
XOM,0.3793298897328755,0.05316750483217458,0.3945681810989496,0.14597304835310632,1.5583686560656556,148.91000366210938,0.051802294415620585,0.23058079892344588,4
XYL,0.085566313171468,0.05617257052986706,0.28335879565887234,0.23567446601419273,0.2766423178204565,121.45999908447266,0.054651590995003434,0.23700753264372645,4
XYZ,0.3463129949307376,0.2663749848585219,0.771066510599115,0.39477253380364524,0.6322482708372451,71.62999725341797,0.23615847643515267,0.5161152825275782,2
YUM,0.12591811109743078,0.043417006733481735,0.2843415659722675,0.10218253213908267,0.5083236169237024,160.27999877929688,0.042500910815359776,0.2083674800286305,1
ZBH,-0.048817335124772814,0.09302672983836842,0.3502632766655276,0.20018382464485235,-0.22562850914847468,91.26000213623047,0.08895066437420777,0.3050028357874209,5
ZBRA,0.004532679527686123,0.16612295564458313,0.5514994298693926,0.4161588598426345,-0.037948993268990976,227.7100067138672,0.15368453317886038,0.4075818391986855,0
ZTS,-0.21957389562455482,0.07711711705269182,0.4355339522427045,0.32699743786518215,-0.8627085497498862,116.87000274658203,0.07428813604359026,0.27769968860748084,4
